V1,V2,V3,V4,V5,V6,V7,V8,V9,V10,V11,V12,V13,V14,V15,V16,V17,V18,V19,V20,V21,V22,V23,V24,V25,V26,V27,V28,Hour,Amount_log,true_label,predicted_label,fraud_probability
1.85288909461877,1.06959286384179,-1.77610127333886,4.61740996943795,0.770412982482834,-0.400859125659044,-0.0409701223190008,0.089510462944554,-0.217705276444853,-0.373927299894818,-0.688453906925825,-1.46320692427849,-1.6241550000894,-4.25246559869278,-1.34017588388911,1.73287279987949,2.93448122378549,1.43719657244596,-1.92330893857582,-0.288392191215266,-0.157868695659099,-0.176243751892623,0.0274369456443017,-0.468006202781987,0.0580627992795879,0.148263059959904,0.0422777637492948,0.0405727519213252,17.0,0.6931471805599453,1,0,0.08796557
-0.0829834650336291,-3.93591892431521,-2.6167089860612,0.163310074791927,-1.40095182767067,-0.809419404822953,1.50157983974791,-0.47099958719182,1.51974319879361,-1.13445381068391,0.71387764641859,0.979674835308759,-1.33903126624009,0.984993219111346,-0.382470968292812,-0.934615796103053,-0.0524194348357059,0.51116178431397,0.731998749113651,1.87861160253024,0.70267203994139,-0.182304775613767,-0.921016986180311,0.111635488151138,-0.0716222119619373,-1.12588109590433,-0.170947427341269,0.126221382847378,18.0,7.001236514559879,1,0,0.00029486432
1.29623080363477,0.417447287721689,0.193963067987499,0.901644194576026,0.13053136701763,-0.371634020776762,0.158125823740231,-0.202668656827626,-0.0795117562857989,-0.0450882478448673,-0.876737591678351,0.687487636238951,1.5747177026257,-0.0077912302905812,0.948315691837591,0.37715383740261,-0.868182736046053,-0.0671351121445059,-0.0644929660672327,-0.0295593500917474,-0.112113509551068,-0.2200020323662,-0.121021883862135,-0.440454448442227,0.671540040565908,-0.413518433654353,0.0328380408333744,0.0206001971066775,14.0,0.7793248768009976,1,0,5.069421e-06
-0.41982017420894,-1.15597800832635,-2.09251550244986,2.78675032975706,0.736296592040403,-0.167291965690249,1.60002746290919,-0.117426851332358,-0.796953814299879,-0.133950251206468,1.03303201224459,-0.284367998317494,-1.20827980965211,-0.429211904447448,0.248945360461687,-0.928921529997167,1.67998551904683,1.31533886586358,2.22616065557659,1.27535802653094,0.48063971759843,0.533516931196614,1.28464540597639,0.516131270391061,-0.60294109971583,-0.305023689896282,-0.0213631449369425,0.129096385608294,0.0,6.114279346625388,1,0,0.056181505
1.03663855772541,0.407227280182074,0.75770616494457,3.16182144737059,-0.568122226356034,0.202180695126505,-0.68980405626803,0.41137993906161,0.336769232300548,-0.283731283967387,0.90311745288141,-0.158825775049249,-1.93070901899978,-2.37665364067708,-1.8101724846962,0.935791272330693,1.59150614830401,1.25947071382768,-0.666806394320072,-0.219461074162075,-0.0501076222906236,0.123760575662397,-0.132567901550036,0.350230553629671,0.507701400813083,0.189620904934317,0.0610156660255082,0.0631412801847289,14.0,0.5653138090500605,1,0,0.0032220553
1.00199171536791,0.047938380305255,-0.349001552412107,1.49395843665091,0.186938875230095,0.190965634380865,-0.0011121042259357,0.147140194715723,0.580415339651519,-0.792937990748917,-0.984171728067149,-0.567380064895921,-1.10559224967424,-1.38121354248053,0.405490421163411,0.279890165223202,1.1321602098483,0.0929929763441439,-0.298920455435975,0.016003673251105,-0.334417439439,-1.01431467260935,-0.128427315817252,-0.946241837638308,0.456090274720588,-0.453205972393371,0.0466270924243456,0.0646983543716214,12.0,4.672735372150515,1,0,6.3402484e-05
1.24384844934819,0.524525772902587,-0.538883626044331,1.20919597418592,0.479537596763788,-0.19742873374782,0.0491662598481355,0.0377916321310988,0.128118590882765,-0.552902906422504,-0.668358831257417,-0.818803693746743,-0.883832091051869,-0.994580854433906,1.50684875024006,0.62400331534091,0.705794271683871,0.524181774270524,-0.73174984602915,-0.171540654731681,-0.0516598862539047,-0.0840894090242923,-0.192846388954053,-0.917391985542652,0.681952813037122,-0.194418574345634,0.0459171449577401,0.0401359980627264,13.0,0.6931471805599453,1,0,0.00024228942
-2.98646550822273,-0.0008912294816884,0.605886830263541,0.338337780759695,0.685448451171472,-1.58195443740193,0.504206377175919,-0.233402618007887,0.636767742518801,1.01029102209398,0.0045179679664243,0.0443966388940644,0.420853062352676,-0.931614224984722,1.14797368277192,0.48306309357216,-0.152470829644753,-0.285666258848129,0.0725498490088206,-0.764274258309323,-0.875146363670133,-0.509848660993286,1.31391790371009,0.355064731381086,0.448551563224067,0.193489780350156,1.21458768687535,-0.0139228973515758,15.0,1.0260415958332743,1,0,1.0834171e-05
0.196706751987779,1.18975728641634,0.704882217511495,2.89138777331251,0.0455553693851548,1.24573045976205,-1.19871420021049,-2.42161641083942,-1.23208864617238,0.324238886093679,-1.27393508028395,-0.868686295319925,-1.18194465496857,1.0275841718551,1.68813234484864,0.256215978185418,0.120608339589106,-0.0523460171330233,0.329826631850516,0.646616407050903,-1.32813178943378,0.189310618105111,-0.005524183595721,-0.814707739467747,0.400924279960331,0.286281378755055,0.135214945600326,0.257314769060283,19.0,0.5653138090500605,1,0,0.0005845078
-2.0642397521399,2.62973923034009,-0.748406253034646,0.694992040498764,0.418177985610222,1.39251973416781,-1.69780121912626,-6.33306461223925,1.72418428025944,-0.887241636246378,-1.59425779202416,-0.338775118165825,-0.978064513351916,-3.68882599540221,-1.48708342266887,0.526946020771924,2.34702289955703,1.69122000470716,-0.736110693106424,-1.42448619962422,6.21551399149032,-1.27690859567394,0.459861127330875,-1.05168547489323,0.209178360382973,-0.319859444506001,0.0154338685560936,-0.0501165001659193,16.0,2.1972245773362196,1,0,0.0040947204
1.12533553530785,1.13014648418496,-0.962975334759173,2.67568785863118,0.990074518469203,-0.243317741184431,0.316192138064781,0.122960131988498,-1.1433427947576,-0.369908966047961,1.83449419801385,-0.491243315415958,-1.12990700459946,-2.23862224442526,0.27846874170613,1.47792560308038,1.77645429510255,1.14928218583042,-1.30699464468423,-0.138813697509247,-0.166736918429935,-0.52193383894905,-0.112376257435029,-0.592076750460089,0.520791314299405,0.0433535805717847,0.0151590212632604,0.0636117222853327,7.0,1.5602476682433286,1,0,0.4308801
-0.114360703589856,1.03612940153875,1.98440526119199,3.12824327369048,-0.740343559582751,1.54861869623,-1.70128395465886,-2.20384174839674,-1.24226477538834,0.269561809170344,1.29341829662131,0.933215784460268,-0.135325960632637,0.521483689902165,0.386884188055331,0.0598689535627266,0.306339379229928,0.265051988857439,0.223718288348024,0.732852498432027,-1.03293465200213,1.19642831010463,-0.112856718234204,0.254718993156121,0.69666788609654,0.482370416673402,0.129969314476127,0.223924333790406,22.0,0.18232155679395465,1,0,0.00021809665
1.17671575912859,0.557090903443645,-0.490799622910899,0.756424293386678,0.2491915585394,-0.781870546568533,0.228750322026116,-0.0408400791377636,-0.432110564245139,-0.585778431385528,2.28193937592012,0.654566719272309,-0.310379432324912,-1.04370522504569,0.513750399321109,0.399177755263914,1.14313007770305,0.256013886486252,-0.511210088142662,-0.10277180482264,-0.0621660000083396,-0.128168129786567,-0.0401759895545737,0.110040347467026,0.437891432381746,0.368808854483266,-0.0182873480981415,0.0311734033163997,13.0,0.5653138090500605,1,0,2.2184362e-05
0.469749517487831,-1.23755547027318,-1.76734061589655,4.83349012798216,-0.268714558636067,-0.512759848060542,1.14014880560033,-0.341272999527881,-1.04635098398312,0.0856615347524881,-0.0001211803349648,-0.0543808429292316,0.736191603337369,-2.30664478783159,-0.464003364440401,1.67272279973602,1.1657365409567,0.561322707439286,-2.3007976756963,1.27731503401271,0.30390531321967,-0.647075252164857,-0.373013646280577,0.260801138202008,-0.496566411774464,-0.245972762320847,-0.117857668735614,0.144774180519932,12.0,6.585081405576444,1,0,0.00371801
-0.758468652663917,-0.0454102784513458,-0.168438290153528,-1.31327481447103,-1.9017625315847,0.739433414882114,3.07189204639003,-0.483422244220096,0.61820276215476,-1.7690597207318,-0.651414013964987,-0.0054232908009888,-0.517194341398293,0.217469760178719,0.883558824493356,-1.17397764863161,0.24334710955825,-0.342300728238465,0.68705620239513,-0.0324998988871344,0.0426194565214976,0.397223782011498,0.0722288654476503,-0.242275996603303,0.560916469624214,-0.540954584325348,0.150606446374032,-0.117140114799884,18.0,6.310027363185627,1,0,2.0469433e-05
1.89403628953056,1.90580604250552,-3.51573007711281,4.50891315092218,2.04446624455689,-1.42046761821774,1.0574804459057,-0.281157347826589,-1.832603814167,-0.628463195272087,2.22079491381924,-0.741087888346352,-0.763719377938258,-4.94261241607845,-1.37829062017508,2.24421577907161,3.70206529090756,2.25681153235938,-1.95006033191067,-0.160163479388821,-0.144713035559334,-0.310108279131596,-0.101530027427529,-0.414960172274656,0.37659685003455,0.15077769870482,-0.0137115779366071,0.0480836587388137,16.0,1.169381359556317,1,0,0.13835467
-5.76687873469586,-8.40215367768915,0.0565432462509224,6.9509829448522,9.88056402552862,-5.77319176920948,-5.74887919911031,0.721742893680168,-1.07627357886614,2.68866993252224,-1.47514531556892,-0.0504679838548109,0.11350047541885,0.98434361557577,0.363968739240705,-0.674356809209657,0.327463514418321,0.0914699151148088,1.30794073758635,2.49322389130791,0.880395096548056,-0.130435547668829,2.24147141354365,0.665345536539228,-1.89004142193457,-0.120802763842984,0.0732685585796402,0.583799418317518,22.0,0.0,1,0,0.00019266881
-1.10184700698197,-1.63244121283891,0.901066556872515,0.847752885502341,-1.24909072939532,0.654936785498635,1.44886782586722,0.0233079125519542,-0.136742416820243,-0.150129182778684,1.17235508293037,-0.795988136674965,-2.13695096583302,0.578869439330842,1.4121147225086,0.0134668068434063,-0.119204381070058,0.826814373772222,0.476859902488945,1.23027784051309,0.610653920616913,0.835795006603528,1.17995542066426,-0.0290908864225033,-0.300895693792436,0.699174952578756,-0.33607170899039,-0.177586827857027,14.0,6.255558084751145,1,0,0.012611689
-1.46531575579616,-1.09337687781209,-0.0597678482279439,1.06478463530602,11.0950886001596,-5.43097128323669,-9.37802517086658,-0.446456139679101,1.99210961400888,1.78592177154007,1.36858453419511,-1.47169658834377,-0.72475884619705,3.44242199594215,-0.957403224855046,-1.62612941891216,1.41821495932655,-1.41791682839858,-1.65176618071699,-1.4576102135585,1.16062328833533,-1.2596968082996,-15.9816491909559,-0.883669935248733,-3.53671623161143,-0.59296488849027,0.675524833181225,0.424849351792902,4.0,0.6523251860396903,1,0,0.0004948756
-1.73933378422429,-1.30465465035444,0.314102907291187,0.0537401062585881,-0.0586957001779964,0.0712595573040713,0.694861852921962,-0.313269934817745,-0.649377114028123,0.517567879914365,-1.35655775612738,-0.238382663867126,0.0695790190825196,-0.431690053731737,-0.674723889299605,-1.65416180710569,-0.0539606012956825,0.520745840192804,-1.55456174696529,-1.46399432399357,-0.665172078751849,-0.632078028662709,-0.421175799634968,-0.400774352865197,-0.001640301894043,-0.495162312868153,0.0316326197006312,0.0662796878513276,18.0,5.771441123130016,1,0,0.00019675608
